,,,,,kg CO2 eq/ kg or litre food commodity,,,,,,,,,,,,,,,
FOOD COMMODITY GROUP,FOOD COMMODITY TYPOLOGY,FOOD COMMODITY sub-TYPOLOGY,FOOD COMMODITY ITEM,n,mean,median,st.dev.,min,max,MAD,Q1,Q3,CV,skewness,kurtosis,Shapiro Wilk test P,FLAG 1 (SIZE),FLAG 2 (outlier),FLAG 3 (adherence to the normal distribution),Suggested CF value to represent food commodity
AGRICULTURAL PROCESSED,BEER,-,BEER IN CAN,5,0.69,0.69,0.14,0.51,0.90,0.12,0.58,0.77,0.20,0.878,2.620,0.329,Y,G,G,ITEM
AGRICULTURAL PROCESSED,BEER,-,BEER IN GLASS,9,1.03,0.96,0.52,0.42,2.27,0.29,0.67,1.17,0.50,1.117,3.412,0.275,G,G,G,ITEM
AGRICULTURAL PROCESSED,BEER,-,BEER MODULAR CAN,5,0.54,0.53,0.03,0.50,0.59,0.03,0.52,0.58,0.06,0.273,1.354,0.394,Y,G,G,ITEM
AGRICULTURAL PROCESSED,BISCUITS,-,CHOCOLATE OR CREAM FILLED COOKIES**,9,1.69,1.53,0.38,1.33,2.39,0.13,1.45,1.69,0.23,1.126,2.554,0.005,G,G,R,ITEM
AGRICULTURAL PROCESSED,BISCUITS,-,SIMPLE COOKIES**,12,1.50,1.39,0.35,1.11,2.35,0.18,1.25,1.60,0.23,1.183,3.600,0.078,G,G,G,ITEM
AGRICULTURAL PROCESSED,BOTTLED WATER* (mineral water),-,MINERAL WATER*,2,0.49,0.49,0.07,0.42,0.56,0.07,0.46,0.53,0.14,-,-,-,R,n.a,R,ITEM matching with TYPOLOGY
AGRICULTURAL PROCESSED,BREAD,-,BREAD MULTICEREAL**,2,0.70,0.70,0.16,0.54,0.86,0.16,0.62,0.78,0.23,-,-,-,R,G,R,TYPOLOGY
AGRICULTURAL PROCESSED,BREAD,-,BREAD PLAIN**,9,0.97,0.89,0.25,0.61,1.54,0.06,0.85,0.98,0.26,1.012,3.332,0.140,G,G,G,ITEM
AGRICULTURAL PROCESSED,BREAD,-,BREAD WHOLE**,5,0.78,0.77,0.13,0.55,0.91,0.12,0.76,0.89,0.17,-0.725,2.285,0.354,Y,G,G,ITEM
AGRICULTURAL PROCESSED,BREAD FROZEN* (rolls frozen),-,BREAD FROZEN (F)*,1,1.31,1.31,-,1.31,1.31,-,1.31,1.31,-,-,-,n.a.,R,n.a,R,ITEM matching with TYPOLOGY
AGRICULTURAL PROCESSED,BREAKFAST CEREALS* (cornflakes),-,CORNFLAKES*,1,2.64,2.64,-,2.64,2.64,-,2.64,2.64,-,-,-,n.a.,R,n.a,R,ITEM matching with TYPOLOGY
AGRICULTURAL PROCESSED,CHOCOLATE,-,DARK CHOCOLATE,3,2.67,2.71,0.14,2.49,2.82,0.11,2.60,2.77,0.05,-0.382,,0.637,R,G,R,TYPOLOGY
AGRICULTURAL PROCESSED,CHOCOLATE,-,MILK CHOCOLATE,1,3.60,3.60,-,3.60,3.60,-,3.60,3.60,-,-,-,n.a.,R,G,R,TYPOLOGY
AGRICULTURAL PROCESSED,COFFEE GROUND & PARCHMENT,-,COFFEE GROUND,2,5.13,5.13,0.31,4.82,5.44,0.31,4.97,5.28,0.06,-,-,-,R,G,R,TYPOLOGY
AGRICULTURAL PROCESSED,COFFEE GROUND & PARCHMENT,-,COFFEE PARCHMENT,4,8.47,8.29,1.74,6.34,10.94,1.40,7.17,9.59,0.21,0.227,1.605,0.881,Y,G,G,ITEM
AGRICULTURAL PROCESSED,COFFEE LIQUID,-,COFFEE DRIP FILTERED (L),2,0.60,0.60,0.14,0.46,0.73,0.14,0.53,0.66,0.23,-,-,-,R,G,R,TYPOLOGY
AGRICULTURAL PROCESSED,COFFEE LIQUID,-,COFFEE SOLUBLE POWDER (L),1,0.33,0.33,-,0.33,0.33,-,0.33,0.33,-,-,-,n.a.,R,G,R,TYPOLOGY
AGRICULTURAL PROCESSED,COFFEE LIQUID,-,ESPRESSO (L),1,0.55,0.55,-,0.55,0.55,-,0.55,0.55,-,-,-,n.a.,R,G,R,TYPOLOGY
AGRICULTURAL PROCESSED,CRACKERS,-,FLAVORED CRACKERS**,4,1.01,0.93,0.15,0.91,1.26,0.02,0.91,1.02,0.15,1.134,2.317,0.011,Y,G,Y,ITEM
AGRICULTURAL PROCESSED,CRACKERS,-,PLAIN CRACKERS**,8,1.24,1.35,0.20,0.97,1.45,0.08,1.02,1.39,0.16,-0.466,1.368,0.027,Y,G,Y,ITEM
AGRICULTURAL PROCESSED,CRACKERS,-,WHOLEGRAIN CRACKERS**,17,0.99,0.97,0.31,0.49,1.43,0.29,0.71,1.32,0.31,0.051,1.680,0.149,G,G,G,ITEM
AGRICULTURAL PROCESSED,CRISPBREAD**,-,CRISPBREAD**,6,1.36,1.35,0.11,1.19,1.53,0.08,1.30,1.45,0.08,-0.013,1.859,0.898,Y,G,G,ITEM
AGRICULTURAL PROCESSED,DRESSING,-,KETCHUP,1,1.46,1.46,-,1.46,1.46,-,1.46,1.46,-,-,-,n.a.,R,G,R,TYPOLOGY
AGRICULTURAL PROCESSED,DRESSING,-,MAYONNAISE,1,2.04,2.04,-,2.04,2.04,-,2.04,2.04,-,-,-,n.a.,R,G,R,TYPOLOGY
AGRICULTURAL PROCESSED,DRESSING,-,TEMPE',1,1.10,1.10,-,1.10,1.10,-,1.10,1.10,-,-,-,n.a.,R,G,R,TYPOLOGY
AGRICULTURAL PROCESSED,EGG PASTA*,-,EGG PASTA*,5,3.19,3.15,0.77,2.41,4.55,0.64,2.51,3.33,0.24,0.762,2.308,0.368,Y,n.a,G,ITEM matching with TYPOLOGY
AGRICULTURAL PROCESSED,FRUIT FROZEN* (raspberry),-,RASPBERRIES (F)*,1,1.18,1.18,-,1.18,1.18,-,1.18,1.18,-,-,-,n.a.,R,n.a,R,ITEM matching with TYPOLOGY
AGRICULTURAL PROCESSED,FRUIT JUICE (imported ingredients),-,APPLE JUICE (I),1,2.84,2.84,-,2.84,2.84,-,2.84,2.84,-,-,-,n.a.,R,G,R,TYPOLOGY
AGRICULTURAL PROCESSED,FRUIT JUICE (imported ingredients),-,BLUEBERRY JUICE (I),1,3.00,3.00,-,3.00,3.00,-,3.00,3.00,-,-,-,n.a.,R,G,R,TYPOLOGY
AGRICULTURAL PROCESSED,FRUIT JUICE (imported ingredients),-,CRANBERRY JUICE (I),1,2.88,2.88,-,2.88,2.88,-,2.88,2.88,-,-,-,n.a.,R,G,R,TYPOLOGY
AGRICULTURAL PROCESSED,FRUIT JUICE (imported ingredients),-,FIG JUICE (I),1,3.20,3.20,-,3.20,3.20,-,3.20,3.20,-,-,-,n.a.,R,R,R,TYPOLOGY
AGRICULTURAL PROCESSED,FRUIT JUICE (imported ingredients),-,KIWI JUICE (I),1,2.84,2.84,-,2.84,2.84,-,2.84,2.84,-,-,-,n.a.,R,G,R,TYPOLOGY
AGRICULTURAL PROCESSED,FRUIT JUICE (imported ingredients),-,MANGO JUICE (I),1,2.96,2.96,-,2.96,2.96,-,2.96,2.96,-,-,-,n.a.,R,G,R,TYPOLOGY
AGRICULTURAL PROCESSED,FRUIT JUICE (imported ingredients),-,PINEAPPLE JUICE (I),2,2.78,2.78,0.06,2.72,2.84,0.06,2.75,2.81,0.02,-,-,-,R,G,R,TYPOLOGY
AGRICULTURAL PROCESSED,FRUIT JUICE (imported ingredients),-,STRAWBERRY JUICE (I),1,2.68,2.68,-,2.68,2.68,-,2.68,2.68,-,-,-,n.a.,R,R,R,TYPOLOGY
AGRICULTURAL PROCESSED,FRUIT JUICE LOCAL,-,ORANGE JUICE,13,0.62,0.46,0.46,0.24,2.00,0.06,0.42,0.52,0.74,2.028,6.278,0.000,G,G,R,ITEM
AGRICULTURAL PROCESSED,FRUIT JUICE LOCAL,-,PEAR JUICE,2,0.49,0.49,0.03,0.46,0.52,0.03,0.48,0.51,0.06,-,-,-,R,G,R,TYPOLOGY
AGRICULTURAL PROCESSED,GRAIN FLOUR,-,BUCKWHEAT FLOUR,1,1.96,1.96,-,1.96,1.96,-,1.96,1.96,-,-,-,n.a.,R,G,R,TYPOLOGY
AGRICULTURAL PROCESSED,GRAIN FLOUR,-,DURUM WHEAT,4,0.48,0.47,0.06,0.40,0.57,0.05,0.43,0.51,0.13,0.338,1.721,0.876,Y,G,G,ITEM
AGRICULTURAL PROCESSED,GRAIN FLOUR,-,GRAHAM FLOUR,1,0.47,0.47,-,0.47,0.47,-,0.47,0.47,-,-,-,n.a.,R,G,R,TYPOLOGY
AGRICULTURAL PROCESSED,GRAIN FLOUR,-,MAIZE FLOUR,1,1.31,1.31,-,1.31,1.31,-,1.31,1.31,-,-,-,n.a.,R,G,R,TYPOLOGY
AGRICULTURAL PROCESSED,GRAIN FLOUR,-,MILLET FLOUR,1,1.37,1.37,-,1.37,1.37,-,1.37,1.37,-,-,-,n.a.,R,G,R,TYPOLOGY
AGRICULTURAL PROCESSED,GRAIN FLOUR,-,OAT MEAL,5,1.13,0.87,0.61,0.69,2.32,0.14,0.74,1.01,0.54,1.077,2.274,0.054,Y,G,G,ITEM
AGRICULTURAL PROCESSED,GRAIN FLOUR,-,SORGHUM FLOUR,1,1.33,1.33,-,1.33,1.33,-,1.33,1.33,-,-,-,n.a.,R,G,R,TYPOLOGY
AGRICULTURAL PROCESSED,GRAIN FLOUR,-,WHEAT PLAIN FLOUR,16,0.61,0.52,0.23,0.33,1.18,0.11,0.47,0.72,0.38,1.166,3.532,0.032,G,G,Y,ITEM
AGRICULTURAL PROCESSED,GRAIN FLOUR,-,WHOLE WHEAT FLOUR,6,0.38,0.36,0.09,0.27,0.51,0.09,0.29,0.45,0.24,0.196,1.396,0.376,Y,G,G,ITEM
AGRICULTURAL PROCESSED,ICE CREAM,-,CHOCOLATE,2,6.60,6.60,0.20,6.40,6.80,0.20,6.50,6.70,0.03,-,-,-,R,G,R,TYPOLOGY
AGRICULTURAL PROCESSED,ICE CREAM,-,ICE CREAM,1,1.02,1.02,-,1.02,1.02,-,1.02,1.02,-,-,-,n.a.,R,G,R,TYPOLOGY
AGRICULTURAL PROCESSED,ICE CREAM,-,VANILLA,2,4.30,4.30,0.10,4.20,4.40,0.10,4.25,4.35,0.02,-,-,-,R,G,R,TYPOLOGY
AGRICULTURAL PROCESSED,LEGUME FLOUR,-,AZUKI BEAN FLOUR,1,1.32,1.32,-,1.32,1.32,-,1.32,1.32,-,-,-,n.a.,R,G,R,TYPOLOGY
AGRICULTURAL PROCESSED,LEGUME FLOUR,-,MUNG BEAN FLOUR,1,1.49,1.49,-,1.49,1.49,-,1.49,1.49,-,-,-,n.a.,R,G,R,TYPOLOGY
AGRICULTURAL PROCESSED,LEGUME FLOUR,-,SOY MEAL,2,0.62,0.62,0.28,0.34,0.90,0.28,0.48,0.76,0.45,-,-,-,R,G,R,TYPOLOGY
AGRICULTURAL PROCESSED,LEGUMES CANNED,-,BEANS IN CAN,1,0.11,0.11,-,0.11,0.11,-,0.11,0.11,-,-,-,n.a.,R,G,R,TYPOLOGY
AGRICULTURAL PROCESSED,LEGUMES CANNED,-,GREEN BEANS IN CAN,1,1.45,1.45,-,1.45,1.45,-,1.45,1.45,-,-,-,n.a.,R,G,R,TYPOLOGY
AGRICULTURAL PROCESSED,LEGUMES FROZEN,-,BEANS (F),1,1.77,1.77,-,1.77,1.77,-,1.77,1.77,-,-,-,n.a.,R,G,R,TYPOLOGY
AGRICULTURAL PROCESSED,LEGUMES FROZEN,-,GREEN BEANS (F),1,2.74,2.74,-,2.74,2.74,-,2.74,2.74,-,-,-,n.a.,R,G,R,TYPOLOGY
AGRICULTURAL PROCESSED,MARGARINE*,-,MARGARINE*,6,1.43,1.39,0.24,1.10,1.80,0.21,1.26,1.61,0.17,0.224,1.729,0.881,Y,n.a,G,ITEM matching with TYPOLOGY
AGRICULTURAL PROCESSED,NUTS COVERED WITH CHOCOLATE,-,ALMOND COVERED WITH CHOCOLATE,1,4.80,4.80,-,4.80,4.80,-,4.80,4.80,-,-,-,n.a.,R,G,R,TYPOLOGY
AGRICULTURAL PROCESSED,NUTS COVERED WITH CHOCOLATE,-,HAZELNUT COVERED WITH CHOCOLATE,1,3.43,3.43,-,3.43,3.43,-,3.43,3.43,-,-,-,n.a.,R,G,R,TYPOLOGY
AGRICULTURAL PROCESSED,NUTS PASTE,-,ALMOND PASTE,2,2.98,2.98,0.09,2.89,3.07,0.09,2.94,3.03,0.03,-,-,-,R,G,R,TYPOLOGY
AGRICULTURAL PROCESSED,NUTS PASTE,-,HAZELNUT CREAM,2,2.71,2.71,0.10,2.61,2.81,0.10,2.66,2.76,0.04,-,-,-,R,G,R,TYPOLOGY
AGRICULTURAL PROCESSED,NUTS PASTE,-,HAZELNUT PASTE,2,1.69,1.69,0.10,1.59,1.78,0.10,1.64,1.73,0.06,-,-,-,R,G,R,TYPOLOGY
AGRICULTURAL PROCESSED,NUTS PASTE,-,PEANUT BUTTER,1,1.15,1.15,-,1.15,1.15,-,1.15,1.15,-,-,-,n.a.,R,G,R,TYPOLOGY
AGRICULTURAL PROCESSED,NUTS PASTE,-,PEANUT PASTE,2,1.84,1.84,0.09,1.75,1.93,0.09,1.80,1.89,0.05,-,-,-,R,G,R,TYPOLOGY
AGRICULTURAL PROCESSED,OIL,-,OLIVE OIL,45,3.84,3.27,2.85,0.63,17.53,1.05,2.58,4.56,0.74,2.834,13.254,0.000,G,G,R,ITEM
AGRICULTURAL PROCESSED,OIL,-,PALM OIL,5,2.32,2.43,0.76,1.01,3.32,0.27,2.16,2.65,0.33,-0.545,2.401,0.769,Y,G,G,ITEM
AGRICULTURAL PROCESSED,OIL,-,PEANUT OIL,2,2.90,2.90,1.96,0.94,4.86,1.96,1.92,3.88,0.68,-,-,-,R,G,R,TYPOLOGY
AGRICULTURAL PROCESSED,OIL,-,RAPESEED OIL,9,2.40,1.79,1.27,0.40,4.30,1.38,1.54,3.63,0.53,-0.314,1.604,0.372,G,G,G,ITEM
AGRICULTURAL PROCESSED,OIL,-,SOYBEAN OIL,6,2.30,1.79,1.24,1.07,4.30,0.63,1.28,3.26,0.54,0.208,1.268,0.617,Y,G,G,ITEM
AGRICULTURAL PROCESSED,OIL,-,SUNFLOWER OIL,5,0.99,0.98,0.08,0.90,1.12,0.05,0.94,1.03,0.08,0.447,1.974,0.865,Y,G,G,ITEM
AGRICULTURAL PROCESSED,PASTA*,-,PASTA*,48,1.24,1.21,0.44,0.55,2.30,0.33,0.87,1.50,0.35,0.575,2.389,0.011,G,G,Y,ITEM
AGRICULTURAL PROCESSED,PESTO,-,PESTO,2,2.71,2.71,0.11,2.60,2.83,0.11,2.66,2.77,0.04,-,-,-,R,G,R,TYPOLOGY
AGRICULTURAL PROCESSED,PESTO,-,PESTO WITHOUT GARLIC,1,2.72,2.72,-,2.72,2.72,-,2.72,2.72,-,-,-,n.a.,R,G,R,TYPOLOGY
AGRICULTURAL PROCESSED,SUGAR,-,BEET SUGAR,9,0.89,0.94,0.30,0.26,1.31,0.27,0.67,1.05,0.34,-0.588,2.663,0.681,G,G,G,ITEM
AGRICULTURAL PROCESSED,SUGAR,-,CANE SUGAR,7,0.67,0.62,0.37,0.28,1.51,0.20,0.42,0.70,0.56,1.382,3.866,0.060,Y,G,G,ITEM
AGRICULTURAL PROCESSED,SWEETS,-,CAKES AND CROISSANT**,14,2.23,2.14,0.38,1.64,3.09,0.23,1.96,2.47,0.17,0.661,2.809,0.431,G,G,G,ITEM
AGRICULTURAL PROCESSED,SWEETS,-,COCOA CAKES AND CROISSANT**,9,1.97,1.94,0.37,1.45,2.62,0.22,1.83,2.16,0.19,0.200,2.220,0.583,G,G,G,ITEM
AGRICULTURAL PROCESSED,"TOMATO PUREE,PEELED, CHOPPED",-,TOMATO CHOPPED,4,1.41,1.47,0.16,1.14,1.56,0.04,1.39,1.49,0.11,-0.986,2.232,0.109,Y,G,G,ITEM
AGRICULTURAL PROCESSED,"TOMATO PUREE,PEELED, CHOPPED",-,TOMATO PEELED,3,1.28,1.30,0.04,1.22,1.31,0.01,1.26,1.30,0.03,-0.683,,0.165,R,G,R,TYPOLOGY
AGRICULTURAL PROCESSED,"TOMATO PUREE,PEELED, CHOPPED",-,TOMATO PUREE,7,1.17,1.03,0.22,0.96,1.56,0.07,0.99,1.33,0.19,0.632,1.898,0.108,Y,G,G,ITEM
AGRICULTURAL PROCESSED,TOMATO SAUCE,-,TOMATO & BASIL,4,1.15,1.14,0.12,1.02,1.29,0.11,1.04,1.25,0.10,0.038,1.094,0.220,Y,G,G,ITEM
AGRICULTURAL PROCESSED,TOMATO SAUCE,-,TOMATO ARRABBIATA,4,1.26,1.24,0.14,1.07,1.46,0.11,1.16,1.34,0.11,0.204,1.777,0.975,Y,G,G,ITEM
AGRICULTURAL PROCESSED,VEGETABLES CANNED,-,CARROTS CANNED,1,1.60,1.60,-,1.60,1.60,-,1.60,1.60,-,-,-,n.a.,R,G,R,TYPOLOGY
AGRICULTURAL PROCESSED,VEGETABLES CANNED,-,CORN CANNED,1,1.36,1.36,-,1.36,1.36,-,1.36,1.36,-,-,-,n.a.,R,G,R,TYPOLOGY
AGRICULTURAL PROCESSED,VEGETABLES FROZEN,-,CARROTS (F),1,0.27,0.27,-,0.27,0.27,-,0.27,0.27,-,-,-,n.a.,R,G,R,TYPOLOGY
AGRICULTURAL PROCESSED,VEGETABLES FROZEN,-,ZUCCHINI (F),1,1.35,1.35,-,1.35,1.35,-,1.35,1.35,-,-,-,n.a.,R,G,R,TYPOLOGY
AGRICULTURAL PROCESSED,VEGETAL CREAM* (soy cream),-,SOY CREAM*,1,1.62,1.62,-,1.62,1.62,-,1.62,1.62,-,-,-,n.a.,R,n.a,R,ITEM matching with TYPOLOGY
AGRICULTURAL PROCESSED,VEGETAL MILK,-,ALMOND MILK,2,0.42,0.42,0.02,0.39,0.44,0.02,0.41,0.43,0.06,-,-,-,R,G,R,TYPOLOGY
AGRICULTURAL PROCESSED,VEGETAL MILK,-,COCONUT MILK,2,0.41,0.41,0.02,0.39,0.44,0.02,0.40,0.42,0.06,-,-,-,R,G,R,TYPOLOGY
AGRICULTURAL PROCESSED,VEGETAL MILK,-,RICE MILK,3,0.80,0.66,0.21,0.64,1.09,0.02,0.65,0.88,0.26,0.703,,0.067,R,G,R,TYPOLOGY
AGRICULTURAL PROCESSED,VEGETAL MILK,-,SOY MILK,22,0.85,0.78,0.26,0.28,1.40,0.14,0.70,0.95,0.31,0.426,3.183,0.043,G,G,Y,ITEM
AGRICULTURAL PROCESSED,VEGETAL PROTEINS,-,QUORNE,2,2.50,2.50,0.10,2.40,2.60,0.10,2.45,2.55,0.04,-,-,-,R,G,R,TYPOLOGY
AGRICULTURAL PROCESSED,VEGETAL PROTEINS,-,SOY BURGER,1,1.48,1.48,-,1.48,1.48,-,1.48,1.48,-,-,-,n.a.,R,G,R,TYPOLOGY
AGRICULTURAL PROCESSED,VEGETAL PROTEINS,-,TOFU,4,2.33,2.27,0.96,1.07,3.72,0.73,1.77,2.84,0.41,0.181,1.857,0.979,Y,G,G,ITEM
AGRICULTURAL PROCESSED,VEGETAL YOGURT (soy yogurt),-,SOY YOGURT*,1,1.36,1.36,-,1.36,1.36,-,1.36,1.36,-,-,-,n.a.,R,n.a,R,ITEM matching with TYPOLOGY
AGRICULTURAL PROCESSED,WINE,-,WINE RED,17,1.02,0.87,0.48,0.32,2.13,0.38,0.71,1.38,0.47,0.581,2.609,0.524,G,G,G,ITEM
AGRICULTURAL PROCESSED,WINE,-,WINE WHITE,3,0.74,0.44,0.43,0.44,1.35,0.00,0.44,0.90,0.57,0.707,,0.006,R,G,R,TYPOLOGY
AGRICULTURAL PROCESSED,YEAST COMPRESSED*,-,YEAST COMPRESSED*,1,0.82,0.82,-,0.82,0.82,-,0.82,0.82,-,-,-,n.a.,R,n.a,R,ITEM matching with TYPOLOGY
AGRICULTURAL PROCESSED,YEAST DRIED*,-,YEAST DRIED*,1,3.29,3.29,-,3.29,3.29,-,3.29,3.29,-,-,-,n.a.,R,n.a,R,ITEM matching with TYPOLOGY
AGRICULTURAL PROCESSED,YEAST LIQUID*,-,YEAST LIQUID*,1,0.50,0.50,-,0.50,0.50,-,0.50,0.50,-,-,-,n.a.,R,n.a,R,ITEM matching with TYPOLOGY
ANIMAL HUSBANDRY,BEEF BONE FREE MEAT*,,BEEF BONE FREE MEAT*,183,27.72,25.75,12.72,2.27,109.35,4.28,21.84,31.00,0.46,2.885,17.540,0.000,G,n.a,R,ITEM
ANIMAL HUSBANDRY,BEEF MEAT WITH BONE*,-,BEEF MEAT WITH BONE*,172,19.54,17.96,8.22,7.51,76.04,2.88,15.47,21.59,0.42,3.749,23.443,0.000,G,G,R,ITEM
ANIMAL HUSBANDRY,BUFFALO BONE FREE MEAT*,-,BUFFALO BONE FREE MEAT*,3,71.39,78.80,11.95,54.53,80.85,2.05,66.67,79.82,0.17,-0.692,,0.134,R,n.a,R,ITEM matching with TYPOLOGY
ANIMAL HUSBANDRY,BUTTER*,-,BUTTER*,11,9.90,8.48,6.66,1.05,25.00,1.24,7.22,9.55,0.67,1.154,3.413,0.020,G,G,Y,ITEM
ANIMAL HUSBANDRY,CHEESE FRESH,-,CREAM,8,5.34,5.45,2.20,2.10,8.31,1.95,3.86,7.14,0.41,-0.210,1.751,0.490,Y,G,G,ITEM
ANIMAL HUSBANDRY,CHEESE FRESH,-,MASCARPONE,1,5.70,5.70,-,5.70,5.70,-,5.70,5.70,-,-,-,n.a.,R,G,R,TYPOLOGY
ANIMAL HUSBANDRY,CHEESE FRESH,-,MOZZARELLA,14,8.48,8.20,1.43,6.27,11.95,1.01,7.40,9.30,0.17,0.726,3.236,0.652,G,G,G,ITEM
ANIMAL HUSBANDRY,CHEESE FRESH,-,RICOTTA,1,3.40,3.40,-,3.40,3.40,-,3.40,3.40,-,-,-,n.a.,R,R,R,TYPOLOGY
ANIMAL HUSBANDRY,CHEESE FRESH,-,STRACCHINO,1,4.92,4.92,-,4.92,4.92,-,4.92,4.92,-,-,-,n.a.,R,G,R,TYPOLOGY
ANIMAL HUSBANDRY,CHEESE HARD & SEMI-HARD,-,ASIAGO,1,10.24,10.24,-,10.24,10.24,-,10.24,10.24,-,-,-,n.a.,R,G,R,TYPOLOGY
ANIMAL HUSBANDRY,CHEESE HARD & SEMI-HARD,-,CAMEMBERT,2,7.55,7.55,0.55,7.00,8.10,0.55,7.28,7.83,0.07,-,-,-,R,G,R,TYPOLOGY
ANIMAL HUSBANDRY,CHEESE HARD & SEMI-HARD,-,CEDDAR,4,11.87,11.21,3.07,8.70,16.35,2.16,9.22,13.86,0.26,0.388,1.539,0.503,Y,G,G,ITEM
ANIMAL HUSBANDRY,CHEESE HARD & SEMI-HARD,-,CHEESE,27,9.29,8.93,2.53,5.33,14.69,1.21,8.11,10.29,0.27,0.578,2.814,0.016,G,G,Y,ITEM
ANIMAL HUSBANDRY,CHEESE HARD & SEMI-HARD,-,CHEESE SEMI-HARD,2,8.65,8.65,0.15,8.50,8.79,0.15,8.57,8.72,0.02,-,-,-,R,G,R,TYPOLOGY
ANIMAL HUSBANDRY,CHEESE HARD & SEMI-HARD,-,EMMENTAL,1,8.20,8.20,-,8.20,8.20,-,8.20,8.20,-,-,-,n.a.,R,G,R,TYPOLOGY
ANIMAL HUSBANDRY,CHEESE HARD & SEMI-HARD,-,GOAT CHEESE,3,8.18,8.35,0.34,7.71,8.48,0.13,8.03,8.42,0.04,-0.629,,0.302,R,G,R,TYPOLOGY
ANIMAL HUSBANDRY,CHEESE HARD & SEMI-HARD,-,GRANA PADANO,3,14.27,15.34,2.80,10.44,17.04,4.90,12.89,16.19,0.20,-0.516,,0.541,R,G,R,TYPOLOGY
ANIMAL HUSBANDRY,CHEESE HARD & SEMI-HARD,-,PARMIGIANO REGGIANO,3,14.08,12.54,4.78,9.15,20.54,3.39,10.84,16.54,0.34,0.449,,0.562,R,G,R,TYPOLOGY
ANIMAL HUSBANDRY,CHEESE HARD & SEMI-HARD,-,PECORINO,3,18.85,17.15,2.42,17.14,22.27,0.01,17.15,19.71,0.13,0.707,,0.534,R,G,R,TYPOLOGY
ANIMAL HUSBANDRY,EDIBLE INSECTS* (mealworms),-,MEALWORMS*,1,2.84,2.84,-,2.84,2.84,-,2.84,2.84,-,-,-,n.a.,R,n.a,R,ITEM matching with TYPOLOGY
ANIMAL HUSBANDRY,EGGS*,-,EGGS*,51,3.23,3.20,1.22,0.72,6.00,0.85,2.24,4.04,0.38,0.192,2.486,0.654,G,n.a.,G,ITEM matching with TYPOLOGY
ANIMAL HUSBANDRY,HONEY*,-,HONEY*,2,1.74,1.74,0.81,0.94,2.55,0.81,1.34,2.15,0.46,-,-,-,R,n.a,R,ITEM matching with TYPOLOGY
ANIMAL HUSBANDRY,KANGAROO MEAT*,-,KANGAROO MEAT*,1,4.10,4.10,-,4.10,4.10,-,4.10,4.10,-,-,-,n.a.,R,n.a,R,ITEM matching with TYPOLOGY
ANIMAL HUSBANDRY,LAMB BONE FREE MEAT*,-,LAMB BONE FREE MEAT*,55,27.21,25.23,11.73,10.05,56.70,8.53,17.12,34.44,0.43,0.583,2.443,0.015,G,G,Y,ITEM
ANIMAL HUSBANDRY,LAMB MEAT WITH BONE*,-,LAMB MEAT WITH BONE*,55,18.01,16.70,7.74,6.68,37.47,5.63,11.35,22.78,0.43,0.583,2.443,0.015,G,G,Y,ITEM
ANIMAL HUSBANDRY,MILK,-,BUFFALO MILK,7,3.75,3.57,0.79,2.87,5.20,0.49,3.14,4.18,0.21,0.712,2.113,0.347,Y,G,G,ITEM
ANIMAL HUSBANDRY,MILK,-,COW MILK,364,1.43,1.31,0.72,0.54,8.44,0.20,1.14,1.54,0.51,6.290,54.223,0.000,G,G,R,ITEM
ANIMAL HUSBANDRY,MILK,-,GOAT MILK,2,1.44,1.44,0.03,1.41,1.46,0.03,1.42,1.45,0.02,-,-,-,R,G,R,TYPOLOGY
ANIMAL HUSBANDRY,PORK BONE FREE MEAT*,-,PORK BONE FREE MEAT*,135,5.79,5.72,1.69,2.11,11.86,1.14,4.48,6.59,0.29,0.626,3.443,0.005,G,G,R,ITEM
ANIMAL HUSBANDRY,PORK CURED MEAT,-,BACON,2,4.03,4.03,1.03,3.00,5.05,1.03,3.51,4.54,0.25,-,-,-,R,G,R,TYPOLOGY
ANIMAL HUSBANDRY,PORK CURED MEAT,-,NECK,2,4.03,4.03,1.03,3.00,5.05,1.03,3.51,4.54,0.25,-,-,-,R,G,R,TYPOLOGY
ANIMAL HUSBANDRY,PORK CURED MEAT,-,PORK HAM,4,7.93,7.95,4.04,3.00,12.84,3.90,4.54,11.34,0.51,-0.005,1.236,0.514,Y,G,G,ITEM
ANIMAL HUSBANDRY,PORK CURED MEAT,-,PORK SAUSAGES,1,17.94,17.94,-,17.94,17.94,-,17.94,17.94,-,-,-,n.a.,R,R,R,TYPOLOGY
ANIMAL HUSBANDRY,PORK MEAT WITH BONE*,-,PORK MEAT WITH BONE*,131,3.50,3.44,1.00,1.30,7.06,0.68,2.70,3.96,0.29,0.606,3.410,0.006,G,G,R,ITEM
ANIMAL HUSBANDRY,POULTRY BONE FREE MEAT,-,CHICKEN BONE FREE MEAT,100,4.24,3.68,2.07,1.06,16.29,0.94,2.78,5.35,0.49,2.377,12.862,0.000,G,G,R,ITEM
ANIMAL HUSBANDRY,POULTRY BONE FREE MEAT,-,EMU BONE FREE MEAT,1,1.50,1.50,-,1.50,1.50,-,1.50,1.50,-,-,-,n.a.,R,R,R,TYPOLOGY
ANIMAL HUSBANDRY,POULTRY BONE FREE MEAT,,DUCK MEAT BONE FREE,1,4.10,4.10,-,4.10,4.10,-,4.10,4.10,-,-,-,,R,G,R,TYPOLOGY
ANIMAL HUSBANDRY,POULTRY BONE FREE MEAT,,TURKEY MEAT BONE FREE,12,5.11,4.08,1.98,2.81,8.49,0.52,3.73,7.26,0.39,0.672,1.709,0.010,G,G,Y,ITEM or TYPOLOGY
ANIMAL HUSBANDRY,POULTRY MEAT WITH BONE,-,CHICKEN MEAT WITH BONE,98,3.25,2.82,1.55,0.85,12.57,0.71,2.17,4.14,0.48,2.513,14.454,0.000,G,G,R,ITEM
ANIMAL HUSBANDRY,POULTRY MEAT WITH BONE,-,DUCK MEAT WITH BONE,1,2.07,2.07,-,2.07,2.07,-,2.07,2.07,-,-,-,n.a.,R,G,R,TYPOLOGY
ANIMAL HUSBANDRY,POULTRY MEAT WITH BONE,-,TURKEY MEAT WITH BONE,6,2.08,2.13,0.26,1.58,2.35,0.17,1.98,2.29,0.13,-0.791,2.415,0.357,Y,G,G,ITEM
ANIMAL HUSBANDRY,RABBIT MEAT WITH BONE*,-,RABBIT MEAT WITH BONE*,2,4.31,4.31,1.28,3.03,5.58,1.28,3.67,4.94,0.30,-,-,-,R,n.a,R,ITEM matching with TYPOLOGY
ANIMAL HUSBANDRY,SNAILS*,-,SNAILS*,1,0.73,0.73,-,0.73,0.73,-,0.73,0.73,-,-,-,n.a.,R,n.a,R,ITEM matching with TYPOLOGY
ANIMAL HUSBANDRY,YOGURT,-,YOGURT FLAVOURED**,14,2.81,2.85,0.36,2.16,3.85,0.13,2.62,2.92,0.13,1.149,5.608,0.024,G,G,Y,ITEM
ANIMAL HUSBANDRY,YOGURT,-,YOGURT LACTOSE FREE,4,3.16,3.47,0.55,2.20,3.50,0.02,3.15,3.49,0.18,-1.152,2.332,0.003,Y,G,R,ITEM or TYPOLOGY
ANIMAL HUSBANDRY,YOGURT,-,YOGURT WHITE,20,2.10,1.69,0.98,1.17,4.07,0.41,1.31,2.42,0.47,1.006,2.503,0.001,G,G,R,ITEM
CROPS,COFFEE GREEN*,-,COFFEE GREEN*,8,0.49,0.49,0.14,0.29,0.71,0.09,0.40,0.55,0.28,0.355,2.085,0.310,Y,G,G,ITEM
CROPS,DRIED FRUIT,-,DATE,2,0.60,0.60,0.28,0.32,0.88,0.28,0.46,0.74,0.47,-,-,-,R,G,R,TYPOLOGY
CROPS,DRIED FRUIT,-,RAISIN,5,0.66,0.81,0.20,0.36,0.84,0.03,0.47,0.81,0.31,-0.489,1.365,0.084,Y,G,G,ITEM
CROPS,FRUIT HEATED GREENHOUSE,-,EXOTIC FRUIT (G),1,2.43,2.43,-,2.43,2.43,-,2.43,2.43,-,-,-,n.a.,R,G,R,TYPOLOGY
CROPS,FRUIT HEATED GREENHOUSE,-,RASPBERRY (G),2,7.35,7.35,0.05,7.30,7.40,0.05,7.33,7.38,0.01,-,-,-,R,G,R,TYPOLOGY
CROPS,FRUIT HEATED GREENHOUSE,-,STRAWBERRY (G),4,2.94,2.88,1.77,0.84,5.17,1.65,1.44,4.39,0.60,0.050,1.257,0.539,Y,G,G,ITEM
CROPS,FRUIT IMPORTED,-,AVOCADO (I),4,1.00,1.09,0.38,0.43,1.38,0.25,0.77,1.32,0.38,-0.464,1.625,0.486,Y,G,G,ITEM
CROPS,FRUIT IMPORTED,-,BANANA (I),20,0.81,0.82,0.28,0.42,1.37,0.27,0.52,1.05,0.35,0.208,1.885,0.260,G,G,G,ITEM
CROPS,FRUIT IMPORTED,-,COCONUT (I),1,1.78,1.78,-,1.78,1.78,-,1.78,1.78,-,-,-,n.a.,R,R,R,TYPOLOGY
CROPS,FRUIT IMPORTED,-,EXOTIC FRUIT (I),1,2.43,2.43,-,2.43,2.43,-,2.43,2.43,-,-,-,n.a.,R,R,R,TYPOLOGY
CROPS,FRUIT IMPORTED,-,PINEAPPLE (I),7,0.73,0.55,0.50,0.17,1.78,0.15,0.43,0.89,0.69,1.084,3.035,0.213,Y,G,G,ITEM
CROPS,FRUIT IMPORTED,-,POMEGRANATE (I),1,1.17,1.17,-,1.17,1.17,-,1.17,1.17,-,-,-,n.a.,R,G,R,TYPOLOGY
CROPS,FRUIT IMPORTED,-,STRAWBERRY (I),2,0.84,0.84,0.29,0.55,1.12,0.29,0.69,0.98,0.34,-,-,-,R,G,R,TYPOLOGY
CROPS,FRUIT NOT HEATED GREENHOUSE* (melon),-,MELON (g)*,4,1.41,1.43,0.11,1.24,1.55,0.06,1.38,1.46,0.08,-0.480,2.052,0.556,Y,G,G,ITEM
CROPS,FRUIT OPENFIELD,CITRUS FRUIT (SUB-TYP),CLEMENTINE,3,0.42,0.41,0.07,0.33,0.51,0.08,0.37,0.46,0.18,0.148,,0.865,R,G,R,TYPOLOGY
CROPS,FRUIT OPENFIELD,CITRUS FRUIT (SUB-TYP),LEMON,2,0.22,0.22,0.04,0.18,0.26,0.04,0.20,0.24,0.18,-,-,-,R,G,R,TYPOLOGY
CROPS,FRUIT OPENFIELD,CITRUS FRUIT (SUB-TYP),LIME,2,0.22,0.22,0.04,0.18,0.26,0.04,0.20,0.24,0.18,-,-,-,R,G,R,TYPOLOGY
CROPS,FRUIT OPENFIELD,CITRUS FRUIT (SUB-TYP),MANDARIN,7,0.40,0.45,0.11,0.22,0.51,0.06,0.31,0.49,0.27,-0.384,1.586,0.598,Y,G,G,ITEM
CROPS,FRUIT OPENFIELD,CITRUS FRUIT (SUB-TYP),ORANGE,31,0.35,0.30,0.16,0.18,0.87,0.07,0.25,0.42,0.44,1.594,5.371,0.000,G,G,R,ITEM
CROPS,FRUIT OPENFIELD,CITRUS FRUIT (SUB-TYP),POMELO,1,0.51,0.51,-,0.51,0.51,-,0.51,0.51,-,-,-,n.a.,R,G,R,TYPOLOGY
CROPS,FRUIT OPENFIELD,CITRUS FRUIT (SUB-TYP),TANGERIN,2,0.38,0.38,0.13,0.26,0.51,0.13,0.32,0.45,0.33,-,-,-,R,G,R,TYPOLOGY
CROPS,FRUIT OPENFIELD,"FRUIT OTHER (Excluded citrus, wild berries and olives) (SUB-TYP)",APPLE,59,0.31,0.25,0.17,0.06,0.95,0.07,0.20,0.38,0.54,1.831,6.818,0.000,G,G,R,ITEM
CROPS,FRUIT OPENFIELD,"FRUIT OTHER (Excluded citrus, wild berries and olives) (SUB-TYP)",APRICOT,7,0.36,0.30,0.12,0.23,0.56,0.06,0.26,0.45,0.34,0.368,1.643,0.392,Y,G,G,ITEM
CROPS,FRUIT OPENFIELD,"FRUIT OTHER (Excluded citrus, wild berries and olives) (SUB-TYP)",AVOCADO,4,0.54,0.54,0.22,0.25,0.84,0.19,0.39,0.69,0.40,0.033,1.631,0.967,Y,G,G,ITEM
CROPS,FRUIT OPENFIELD,"FRUIT OTHER (Excluded citrus, wild berries and olives) (SUB-TYP)",BANANA,9,0.38,0.34,0.18,0.15,0.78,0.13,0.32,0.47,0.46,0.925,3.475,0.283,G,G,G,ITEM
CROPS,FRUIT OPENFIELD,"FRUIT OTHER (Excluded citrus, wild berries and olives) (SUB-TYP)",CARROB,2,1.10,1.10,0.01,1.10,1.11,0.01,1.10,1.11,0.01,-,-,-,R,R,R,TYPOLOGY
CROPS,FRUIT OPENFIELD,"FRUIT OTHER (Excluded citrus, wild berries and olives) (SUB-TYP)",CHERRY,7,0.49,0.46,0.19,0.26,0.88,0.09,0.39,0.52,0.38,0.994,3.307,0.274,Y,G,G,ITEM
CROPS,FRUIT OPENFIELD,"FRUIT OTHER (Excluded citrus, wild berries and olives) (SUB-TYP)",FIG,3,0.31,0.26,0.09,0.23,0.43,0.02,0.25,0.34,0.28,0.667,,0.215,R,G,R,TYPOLOGY
CROPS,FRUIT OPENFIELD,"FRUIT OTHER (Excluded citrus, wild berries and olives) (SUB-TYP)",GRAPES,15,0.39,0.31,0.22,0.15,0.88,0.10,0.27,0.42,0.55,1.352,3.816,0.005,G,G,R,ITEM
CROPS,FRUIT OPENFIELD,"FRUIT OTHER (Excluded citrus, wild berries and olives) (SUB-TYP)",GUAVA,1,0.28,0.28,-,0.28,0.28,-,0.28,0.28,-,-,-,n.a.,R,G,R,TYPOLOGY
CROPS,FRUIT OPENFIELD,"FRUIT OTHER (Excluded citrus, wild berries and olives) (SUB-TYP)",KIWI,12,0.65,0.49,0.42,0.27,1.61,0.21,0.33,0.84,0.64,1.082,3.225,0.046,G,G,Y,ITEM
CROPS,FRUIT OPENFIELD,"FRUIT OTHER (Excluded citrus, wild berries and olives) (SUB-TYP)",MANGO,6,0.33,0.31,0.07,0.25,0.44,0.05,0.27,0.36,0.20,0.587,2.006,0.485,Y,G,G,ITEM
CROPS,FRUIT OPENFIELD,"FRUIT OTHER (Excluded citrus, wild berries and olives) (SUB-TYP)",MELON,6,0.56,0.61,0.19,0.30,0.76,0.61,0.37,0.74,0.35,-0.287,1.324,0.111,Y,G,G,ITEM
CROPS,FRUIT OPENFIELD,"FRUIT OTHER (Excluded citrus, wild berries and olives) (SUB-TYP)",PEACH,12,0.43,0.39,0.19,0.23,0.83,0.06,0.29,0.43,0.44,1.281,3.396,0.006,G,G,R,ITEM
CROPS,FRUIT OPENFIELD,"FRUIT OTHER (Excluded citrus, wild berries and olives) (SUB-TYP)",PEAR,12,0.29,0.27,0.12,0.16,0.63,0.05,0.21,0.31,0.41,1.843,6.222,0.006,G,G,R,ITEM
CROPS,FRUIT OPENFIELD,"FRUIT OTHER (Excluded citrus, wild berries and olives) (SUB-TYP)",PINEAPPLE,6,0.34,0.28,0.15,0.23,0.67,0.03,0.26,0.31,0.45,1.673,3.994,0.002,Y,G,R,ITEM or TYPOLOGY
CROPS,FRUIT OPENFIELD,"FRUIT OTHER (Excluded citrus, wild berries and olives) (SUB-TYP)",PLUM,3,0.27,0.26,0.04,0.23,0.32,0.02,0.25,0.29,0.13,0.482,,0.523,R,G,R,TYPOLOGY
CROPS,FRUIT OPENFIELD,"FRUIT OTHER (Excluded citrus, wild berries and olives) (SUB-TYP)",POMEGRANATE,3,0.45,0.32,0.21,0.29,0.74,0.03,0.30,0.53,0.46,0.693,,0.128,R,G,R,TYPOLOGY
CROPS,FRUIT OPENFIELD,"FRUIT OTHER (Excluded citrus, wild berries and olives) (SUB-TYP)",ROCKMELON,1,0.39,0.39,-,0.39,0.39,-,0.39,0.39,-,-,-,n.a.,R,G,R,TYPOLOGY
CROPS,FRUIT OPENFIELD,"FRUIT OTHER (Excluded citrus, wild berries and olives) (SUB-TYP)",WATERMELON,1,0.52,0.52,-,0.52,0.52,-,0.52,0.52,-,-,-,n.a.,R,G,R,TYPOLOGY
CROPS,FRUIT OPENFIELD,OLIVES* (SUB-TYP),OLIVES,9,0.59,0.64,0.20,0.22,0.85,0.05,0.61,0.68,0.34,-0.854,2.478,0.059,G,G,G,ITEM
CROPS,FRUIT OPENFIELD,WILD BERRIES (SUB-TYP),BLACKBERRY,1,0.42,0.42,-,0.42,0.42,-,0.42,0.42,-,-,-,n.a.,R,G,R,TYPOLOGY
CROPS,FRUIT OPENFIELD,WILD BERRIES (SUB-TYP),BLUEBERRY,8,0.64,0.78,0.29,0.19,0.97,0.15,0.39,0.86,0.45,-0.513,1.609,0.116,Y,G,G,ITEM
CROPS,FRUIT OPENFIELD,WILD BERRIES (SUB-TYP),CRANBERRY,3,0.90,0.87,0.05,0.86,0.97,0.01,0.87,0.92,0.06,0.686,,0.157,R,G,R,TYPOLOGY
CROPS,FRUIT OPENFIELD,WILD BERRIES (SUB-TYP),CURRANT,2,0.64,0.64,0.20,0.44,0.84,0.20,0.54,0.74,0.32,-,-,-,R,G,R,TYPOLOGY
CROPS,FRUIT OPENFIELD,WILD BERRIES (SUB-TYP),GOOSEBERRY,1,0.84,0.84,-,0.84,0.84,-,0.84,0.84,-,-,-,n.a.,R,G,R,TYPOLOGY
CROPS,FRUIT OPENFIELD,WILD BERRIES (SUB-TYP),RASPBERRY,2,0.63,0.63,0.21,0.42,0.84,0.21,0.53,0.74,0.33,-,-,-,R,G,R,TYPOLOGY
CROPS,FRUIT OPENFIELD,WILD BERRIES (SUB-TYP),STRAWBERRY,27,0.68,0.61,0.33,0.20,1.50,0.26,0.39,0.90,0.49,0.567,2.824,0.220,G,G,G,ITEM
CROPS,GRAINS,-,BARLEY,17,0.53,0.48,0.25,0.11,1.11,0.14,0.34,0.62,0.47,0.761,2.992,0.219,G,G,G,ITEM
CROPS,GRAINS,-,MAIZE,7,0.79,0.48,0.50,0.40,1.64,0.08,0.43,1.09,0.64,0.888,1.899,0.007,Y,G,R,ITEM or TYPOLOGY
CROPS,GRAINS,-,MILLET,2,0.86,0.86,0.39,0.47,1.24,0.39,0.66,1.05,0.45,-,-,-,R,G,R,TYPOLOGY
CROPS,GRAINS,-,OAT,5,0.70,0.67,0.26,0.38,1.10,0.21,0.47,0.88,0.38,0.276,1.650,0.785,Y,G,G,ITEM
CROPS,GRAINS,-,QUINOA,12,0.96,0.97,0.19,0.53,1.20,0.16,0.86,1.13,0.19,-0.750,2.905,0.267,G,G,G,ITEM
CROPS,GRAINS,-,RYE,3,0.41,0.38,0.06,0.36,0.49,0.02,0.37,0.44,0.14,0.643,,0.274,R,G,R,TYPOLOGY
CROPS,GRAINS,-,SORGHUM,1,0.88,0.88,-,0.88,0.88,-,0.88,0.88,-,-,-,n.a.,R,G,R,TYPOLOGY
CROPS,GRAINS,-,WHEAT,44,0.67,0.57,0.43,0.18,3.08,0.18,0.44,0.77,0.65,3.873,21.967,0.000,G,G,R,ITEM
CROPS,LEGUMES,-,BEAN,14,0.67,0.43,0.48,0.22,1.55,0.21,0.26,1.09,0.71,0.730,1.888,0.007,G,G,R,ITEM
CROPS,LEGUMES,-,CHICKPEA,3,0.67,0.77,0.16,0.45,0.80,0.03,0.61,0.79,0.24,-0.688,,0.148,R,G,R,TYPOLOGY
CROPS,LEGUMES,-,COWPEA,4,0.48,0.49,0.11,0.33,0.61,0.10,0.40,0.57,0.23,-0.132,1.431,0.761,Y,G,G,ITEM
CROPS,LEGUMES,-,GREEN BEAN (fresh),11,0.73,0.52,0.51,0.20,1.55,0.27,0.29,1.14,0.69,0.291,1.638,0.224,G,G,G,ITEM
CROPS,LEGUMES,-,LENTIL,2,1.03,1.03,0.03,1.00,1.06,0.03,1.02,1.05,0.03,-,-,-,R,G,R,TYPOLOGY
CROPS,LEGUMES,-,PEA,12,0.58,0.45,0.63,0.15,2.60,0.11,0.27,0.50,1.08,2.691,8.928,0.000,G,G,R,ITEM
CROPS,LEGUMES,-,SOYBEAN,5,0.60,0.56,0.22,0.38,1.01,0.10,0.46,0.61,0.36,1.012,2.661,0.272,Y,G,G,ITEM
CROPS,LEGUMES NOT HEATED GREENHOUSE (green bean),-,GREEN BEAN (fresh) (g)*,4,0.31,0.28,0.08,0.24,0.43,0.03,0.24,0.34,0.25,0.767,1.945,0.195,Y,G,G,ITEM
CROPS,MUSHROOM*,,MUSHROOM*,6,1.78,2.06,1.09,0.20,3.09,0.86,0.82,2.64,0.61,-0.355,1.538,0.393,Y,G,G,ITEM
CROPS,NUTS,-,ALMOND,13,1.90,1.88,0.94,0.51,3.71,0.73,1.11,2.61,0.50,0.248,2.113,0.835,G,G,G,ITEM
CROPS,NUTS,-,CASHEW NUT,11,1.56,1.38,0.92,0.35,3.44,0.84,0.86,2.25,0.59,0.456,2.353,0.580,G,G,G,ITEM
CROPS,NUTS,-,CHESTNUT,3,0.64,0.44,0.29,0.43,1.04,0.01,0.44,0.74,0.45,0.706,,0.027,R,G,R,TYPOLOGY
CROPS,NUTS,-,HAZELNUT,5,1.07,1.11,0.35,0.43,1.50,0.09,1.10,1.20,0.33,-0.816,2.660,0.327,Y,G,G,ITEM
CROPS,NUTS,-,MIXED NUTS,1,0.47,0.47,-,0.47,0.47,-,0.47,0.47,-,-,-,n.a.,R,G,R,TYPOLOGY
CROPS,NUTS,-,PALM NUT,1,0.80,0.80,-,0.80,0.80,-,0.80,0.80,-,-,-,n.a.,R,G,R,TYPOLOGY
CROPS,NUTS,-,PEANUT,10,0.89,0.83,0.30,0.28,1.35,0.12,0.80,1.05,0.34,-0.137,2.767,0.374,G,G,G,ITEM
CROPS,NUTS,-,PISTACHIO,4,1.60,1.60,0.65,0.88,2.33,0.65,0.99,2.21,0.41,0.003,1.056,0.160,Y,G,G,ITEM
CROPS,NUTS,-,WALNUT,5,1.75,2.06,0.88,0.63,3.03,0.97,0.89,2.13,0.50,0.046,1.610,0.575,Y,G,G,ITEM
CROPS,RICE*,-,RICE*,35,2.54,2.19,1.44,0.24,6.45,0.74,1.65,3.08,0.57,0.953,3.632,0.016,G,G,Y,ITEM
CROPS,SEEDS,-,RAPE SEED,3,1.05,0.78,0.76,0.29,2.09,0.49,0.54,1.44,0.72,0.491,,0.511,R,G,R,TYPOLOGY
CROPS,SEEDS,-,SESAM SEED,1,0.88,0.88,-,0.88,0.88,-,0.88,0.88,-,-,-,n.a.,R,G,R,TYPOLOGY
CROPS,SEEDS,-,SUNFLOWER SEED,2,1.16,1.16,0.25,0.91,1.41,0.25,1.03,1.28,0.22,-,-,-,R,G,R,TYPOLOGY
CROPS,SPICIES,-,CHILLY,1,0.80,0.80,-,0.80,0.80,-,0.80,0.80,-,-,-,n.a.,R,G,R,TYPOLOGY
CROPS,SPICIES,-,GINGER,1,0.88,0.88,-,0.88,0.88,-,0.88,0.88,-,-,-,n.a.,R,G,R,TYPOLOGY
CROPS,STARCHY TUBERS,-,POTATO,35,0.25,0.24,0.10,0.08,0.45,0.07,0.18,0.33,0.39,0.065,2.248,0.597,G,G,G,ITEM
CROPS,STARCHY TUBERS,-,STARCHY ROOTS,2,0.29,0.29,0.05,0.24,0.34,0.05,0.27,0.32,0.17,-,-,-,R,G,R,TYPOLOGY
CROPS,STARCHY TUBERS,-,SWEET POTATO,3,0.35,0.27,0.14,0.24,0.55,0.04,0.25,0.41,0.40,0.673,,0.197,R,G,R,TYPOLOGY
CROPS,VEGETABLES HEATED GREENHOUSE,-,CUCUMBER (G),8,2.59,2.55,1.02,1.30,4.51,0.84,1.72,2.89,0.39,0.625,2.258,0.388,Y,G,G,ITEM
CROPS,VEGETABLES HEATED GREENHOUSE,-,GERKIN (G),4,2.52,2.12,0.74,2.04,3.79,0.04,2.09,2.54,0.29,1.149,2.329,0.005,Y,G,R,ITEM or TYPOLOGY
CROPS,VEGETABLES HEATED GREENHOUSE,-,LETTUCE (G),7,2.69,2.67,1.55,0.45,4.73,1.37,1.40,4.10,0.58,-0.010,1.483,0.513,Y,G,G,ITEM
CROPS,VEGETABLES HEATED GREENHOUSE,-,PEPPER (G),4,4.60,3.73,3.35,0.90,10.05,1.45,2.96,5.36,0.73,0.729,2.121,0.370,Y,G,G,ITEM
CROPS,VEGETABLES HEATED GREENHOUSE,-,TOMATO (G),36,2.89,2.43,1.31,1.16,6.12,0.71,1.94,3.66,0.45,0.868,2.943,0.009,G,G,R,ITEM
CROPS,VEGETABLES NOT HEATED GREENHOUSE,-,CUCUMBER (g),1,0.32,0.32,-,0.32,0.32,-,0.32,0.32,-,-,-,n.a.,R,G,R,TYPOLOGY
CROPS,VEGETABLES NOT HEATED GREENHOUSE,-,EGGPLANT (g),1,2.90,2.90,-,2.90,2.90,-,2.90,2.90,-,-,-,n.a.,R,G,R,TYPOLOGY
CROPS,VEGETABLES NOT HEATED GREENHOUSE,-,PEPPER (g),2,1.18,1.18,0.08,1.10,1.25,0.08,1.14,1.21,0.06,-,-,-,R,G,R,TYPOLOGY
CROPS,VEGETABLES NOT HEATED GREENHOUSE,-,TOMATO (g),28,0.94,0.91,0.56,0.20,2.14,0.45,0.44,1.28,0.60,0.590,2.349,0.065,G,G,G,ITEM
CROPS,VEGETABLES NOT HEATED GREENHOUSE,-,ZUCCHINI (g),2,1.77,1.77,0.17,1.60,1.94,0.17,1.69,1.86,0.10,-,-,-,R,G,R,TYPOLOGY
CROPS,VEGETABLES OPENFIELD,ASPARAGUS* (SUB-TYP),ASPARAGUS,33,0.97,0.83,0.48,0.38,2.68,0.22,0.63,1.14,0.50,1.507,5.605,0.001,G,G,R,ITEM
CROPS,VEGETABLES OPENFIELD,GREEN LEAFY VEGETABLES (SUB TYP),CABAGGE,9,0.30,0.23,0.15,0.12,0.64,0.11,0.21,0.37,0.49,1.043,3.418,0.154,G,G,G,ITEM
CROPS,VEGETABLES OPENFIELD,GREEN LEAFY VEGETABLES (SUB TYP),LETTUCE,27,0.40,0.41,0.15,0.13,0.62,0.09,0.30,0.50,0.37,-0.194,1.993,0.264,G,G,G,ITEM
CROPS,VEGETABLES OPENFIELD,GREEN LEAFY VEGETABLES (SUB TYP),SPINACH,4,0.48,0.34,0.32,0.18,0.93,0.16,0.26,0.63,0.67,-0.081,1.111,0.172,Y,G,G,ITEM
CROPS,VEGETABLES OPENFIELD,ROOTS & BULBS (SUB-TYP),BEETROOT,2,0.25,0.25,0.14,0.11,0.38,0.14,0.18,0.31,0.55,-,-,-,R,G,R,TYPOLOGY
CROPS,VEGETABLES OPENFIELD,ROOTS & BULBS (SUB-TYP),CARROT,16,0.23,0.24,0.12,0.04,0.45,0.10,0.13,0.33,0.54,0.224,1.925,0.612,G,G,G,ITEM
CROPS,VEGETABLES OPENFIELD,ROOTS & BULBS (SUB-TYP),GARLIC,3,0.67,0.71,0.07,0.57,0.74,0.04,0.64,0.73,0.11,-0.587,,0.377,R,G,R,TYPOLOGY
CROPS,VEGETABLES OPENFIELD,ROOTS & BULBS (SUB-TYP),ONION,12,0.24,0.22,0.14,0.06,0.52,0.12,0.13,0.34,0.58,0.396,2.151,0.409,G,G,G,ITEM
CROPS,VEGETABLES OPENFIELD,ROOTS & BULBS (SUB-TYP),RADISH,1,0.15,0.15,-,0.15,0.15,-,0.15,0.15,-,-,-,n.a.,R,G,R,TYPOLOGY
CROPS,VEGETABLES OPENFIELD,ROOTS & BULBS (SUB-TYP),SWEDE,1,0.29,0.29,-,0.29,0.29,-,0.29,0.29,-,-,-,n.a.,R,G,R,TYPOLOGY
CROPS,VEGETABLES OPENFIELD,ROOTS & BULBS (SUB-TYP),TURNIP,2,0.35,0.35,0.00,0.35,0.35,0.00,0.35,0.35,0.00,-,-,-,R,G,R,TYPOLOGY
CROPS,VEGETABLES OPENFIELD,"VEGETABLES (fruits, steems, flowers) (SUB-TYP)",ARTICHOKE,1,0.33,0.33,-,0.33,0.33,-,0.33,0.33,-,-,-,n.a.,R,G,R,TYPOLOGY
CROPS,VEGETABLES OPENFIELD,"VEGETABLES (fruits, steems, flowers) (SUB-TYP)",BROCCOLI,19,0.67,0.57,0.36,0.22,1.87,0.12,0.48,0.70,0.53,2.003,7.255,0.001,G,G,R,ITEM
CROPS,VEGETABLES OPENFIELD,"VEGETABLES (fruits, steems, flowers) (SUB-TYP)",CAULIFLOWER,6,0.32,0.31,0.13,0.09,0.52,0.08,0.27,0.40,0.42,-0.185,2.301,0.951,Y,G,G,ITEM
CROPS,VEGETABLES OPENFIELD,"VEGETABLES (fruits, steems, flowers) (SUB-TYP)",CELERY,1,0.32,0.32,-,0.32,0.32,-,0.32,0.32,-,-,-,n.a.,R,G,R,TYPOLOGY
CROPS,VEGETABLES OPENFIELD,"VEGETABLES (fruits, steems, flowers) (SUB-TYP)",CUCUMBER,15,0.32,0.27,0.16,0.08,0.80,0.07,0.22,0.38,0.52,1.562,5.760,0.027,G,G,Y,ITEM
CROPS,VEGETABLES OPENFIELD,"VEGETABLES (fruits, steems, flowers) (SUB-TYP)",EGGPLANT,5,0.45,0.19,0.44,0.10,1.30,0.10,0.19,0.50,0.98,0.842,2.045,0.262,Y,G,G,ITEM
CROPS,VEGETABLES OPENFIELD,"VEGETABLES (fruits, steems, flowers) (SUB-TYP)",FENNEL,1,0.48,0.48,-,0.48,0.48,-,0.48,0.48,-,-,-,n.a.,R,G,R,TYPOLOGY
CROPS,VEGETABLES OPENFIELD,"VEGETABLES (fruits, steems, flowers) (SUB-TYP)",GERKIN,7,0.23,0.21,0.06,0.13,0.33,0.05,0.19,0.28,0.28,0.114,1.941,0.955,Y,G,G,ITEM
CROPS,VEGETABLES OPENFIELD,"VEGETABLES (fruits, steems, flowers) (SUB-TYP)",PEPPER,8,0.58,0.65,0.23,0.19,0.87,0.22,0.37,0.71,0.40,-0.278,1.827,0.623,Y,G,G,ITEM
CROPS,VEGETABLES OPENFIELD,"VEGETABLES (fruits, steems, flowers) (SUB-TYP)",PUMPKIN,12,0.38,0.24,0.35,0.09,1.31,0.08,0.16,0.47,0.90,1.600,4.543,0.003,G,G,R,ITEM
CROPS,VEGETABLES OPENFIELD,"VEGETABLES (fruits, steems, flowers) (SUB-TYP)",TOMATO,68,0.48,0.45,0.30,0.15,2.29,0.10,0.35,0.56,0.61,2.324,14.265,0.000,G,G,R,ITEM
CROPS,VEGETABLES OPENFIELD,"VEGETABLES (fruits, steems, flowers) (SUB-TYP)",VEGETABLES,4,0.69,0.54,0.53,0.19,1.51,0.31,0.25,0.98,0.76,0.590,1.759,0.392,Y,G,G,ITEM
CROPS,VEGETABLES OPENFIELD,"VEGETABLES (fruits, steems, flowers) (SUB-TYP)",ZUCCHINI,8,0.65,0.70,0.42,0.09,1.31,0.41,0.22,0.98,0.64,0.036,1.626,0.539,Y,G,G,ITEM
FISHING,FISH,-,ALFONSINO,1,3.49,3.49,-,3.49,3.49,-,3.49,3.49,-,-,-,n.a.,R,G,R,TYPOLOGY
FISHING,FISH,-,ANCHOVY,6,0.81,0.82,0.03,0.77,0.86,0.02,0.79,0.83,0.04,-0.257,1.864,0.833,Y,G,G,ITEM
FISHING,FISH,-,ANGLERFISH,2,12.29,12.29,1.86,10.43,14.15,1.86,11.36,13.22,0.15,-,-,-,R,G,R,TYPOLOGY
FISHING,FISH,-,CARP,3,1.80,1.76,0.09,1.73,1.93,0.04,1.74,1.84,0.05,0.621,,0.318,R,G,R,TYPOLOGY
FISHING,FISH,-,CATFISH,1,8.93,8.93,-,8.93,8.93,-,8.93,8.93,-,-,-,n.a.,R,G,R,TYPOLOGY
FISHING,FISH,-,COD,22,3.29,3.08,1.36,1.25,5.88,1.05,2.27,4.38,0.41,0.391,1.908,0.156,G,G,G,ITEM
FISHING,FISH,-,DIAMOND FISH,3,7.56,6.02,2.18,6.02,10.65,0.00,6.02,8.33,0.29,0.707,,0.000,R,G,R,TYPOLOGY
FISHING,FISH,-,EEL,1,3.88,3.88,-,3.88,3.88,-,3.88,3.88,-,-,-,n.a.,R,G,R,TYPOLOGY
FISHING,FISH,-,FISH MIXED,6,4.01,4.99,2.11,0.27,6.22,0.86,2.75,5.45,0.53,-0.751,2.015,0.237,Y,G,G,ITEM
FISHING,FISH,-,FLATFISH,2,6.41,6.41,5.21,1.20,11.61,5.21,3.80,9.01,0.81,-,-,-,R,G,R,TYPOLOGY
FISHING,FISH,-,FLATHEAD,3,2.45,2.56,0.90,1.30,3.50,0.94,1.93,3.03,0.37,-0.176,,0.840,R,G,R,TYPOLOGY
FISHING,FISH,-,FORK BEARD,2,8.01,8.01,1.76,6.25,9.77,1.76,7.13,8.89,0.22,-,-,-,R,G,R,TYPOLOGY
FISHING,FISH,-,HADDOCK,3,3.25,3.10,0.44,2.80,3.84,0.30,2.95,3.47,0.13,0.466,,0.542,R,G,R,TYPOLOGY
FISHING,FISH,-,HAKE,6,10.12,10.40,2.52,6.88,14.15,2.18,7.88,11.47,0.25,0.129,1.846,0.717,Y,G,G,ITEM
FISHING,FISH,-,HERRING,6,2.21,1.24,1.63,0.66,4.55,0.35,1.12,3.68,0.74,0.656,1.508,0.019,Y,G,Y,ITEM
FISHING,FISH,-,LING,2,6.45,6.45,3.32,3.13,9.77,3.32,4.79,8.11,0.51,-,-,-,R,G,R,TYPOLOGY
FISHING,FISH,-,MACKEREL,23,2.05,1.80,1.31,0.25,5.45,0.67,1.20,2.43,0.64,1.038,3.229,0.015,G,G,Y,ITEM
FISHING,FISH,-,MEGRIM,1,14.15,14.15,-,14.15,14.15,-,14.15,14.15,-,-,-,n.a.,R,G,R,TYPOLOGY
FISHING,FISH,-,PLAICE,1,6.13,6.13,-,6.13,6.13,-,6.13,6.13,-,-,-,n.a.,R,G,R,TYPOLOGY
FISHING,FISH,-,POLLOCK,2,1.40,1.40,0.20,1.20,1.60,0.20,1.30,1.50,0.14,-,-,-,R,G,R,TYPOLOGY
FISHING,FISH,-,POMFRET,2,6.63,6.63,3.14,3.49,9.77,3.14,5.06,8.20,0.47,-,-,-,R,G,R,TYPOLOGY
FISHING,FISH,-,PORBEAGLE,1,11.44,11.44,-,11.44,11.44,-,11.44,11.44,-,-,-,n.a.,R,G,R,TYPOLOGY
FISHING,FISH,-,RHOMBUS,1,8.41,8.41,-,8.41,8.41,-,8.41,8.41,-,-,-,n.a.,R,G,R,TYPOLOGY
FISHING,FISH,-,ROCK FISH,1,6.94,6.94,-,6.94,6.94,-,6.94,6.94,-,-,-,n.a.,R,G,R,TYPOLOGY
FISHING,FISH,-,SALMON,26,3.80,3.37,1.87,1.11,8.88,0.82,2.59,4.05,0.49,1.331,4.136,0.002,G,G,R,ITEM
FISHING,FISH,-,SARDINE,5,0.90,0.90,0.30,0.50,1.41,0.12,0.78,0.92,0.33,0.510,2.461,0.644,Y,G,G,ITEM
FISHING,FISH,-,SEA-BASS,5,3.59,3.60,1.26,1.91,5.76,0.66,2.94,3.74,0.35,0.518,2.382,0.733,Y,G,G,ITEM
FISHING,FISH,-,SHARK,3,10.09,11.44,1.99,7.28,11.56,0.12,9.36,11.50,0.20,-0.705,,0.048,R,G,R,TYPOLOGY
FISHING,FISH,-,SOLE,2,5.40,5.40,2.05,3.35,7.45,2.05,4.38,6.43,0.38,-,-,-,R,G,R,TYPOLOGY
FISHING,FISH,-,SWARDFISH,2,12.84,12.84,1.40,11.44,14.24,1.40,12.14,13.54,0.11,-,-,-,R,G,R,TYPOLOGY
FISHING,FISH,-,TROUT,21,3.65,4.20,1.14,1.37,5.95,0.34,3.02,4.30,0.31,-0.397,2.557,0.098,G,G,G,ITEM
FISHING,FISH,-,TUNA,6,4.68,3.68,3.59,1.39,11.44,2.20,1.64,6.11,0.77,0.816,2.377,0.161,Y,G,G,ITEM
FISHING,FISH,-,TURBOT,2,14.51,14.51,4.89,9.63,19.40,4.89,12.07,16.96,0.34,-,-,-,R,G,R,TYPOLOGY
FISHING,FISH,-,WHITING,2,2.66,2.66,1.12,1.54,3.79,1.12,2.10,3.22,0.42,-,-,-,R,G,R,TYPOLOGY
FISHING,FISH FROZEN,-,COD (F),6,3.09,3.03,1.36,0.75,5.30,0.57,2.74,3.60,0.44,-0.115,2.663,0.782,Y,G,G,ITEM
FISHING,FISH FROZEN,-,FISH STICK (F),1,2.26,2.26,-,2.26,2.26,-,2.26,2.26,-,-,-,n.a.,R,G,R,TYPOLOGY
FISHING,FISH FROZEN,-,HADDOCK (F),1,3.72,3.72,-,3.72,3.72,-,3.72,3.72,-,-,-,n.a.,R,G,R,TYPOLOGY
FISHING,FISH FROZEN,-,HERRING (F),4,1.31,1.30,0.25,0.98,1.65,0.21,1.15,1.46,0.19,0.103,1.729,0.989,Y,G,G,ITEM
FISHING,FISH FROZEN,-,MACKEREL (F),3,1.11,0.99,0.28,0.84,1.51,0.15,0.92,1.25,0.26,0.563,,0.414,R,G,R,TYPOLOGY
FISHING,FISH FROZEN,-,MIXED FISH (F),1,1.04,1.04,-,1.04,1.04,-,1.04,1.04,-,-,-,n.a.,R,G,R,TYPOLOGY
FISHING,FISH FROZEN,-,POLLOCK (F),1,0.90,0.90,-,0.90,0.90,-,0.90,0.90,-,-,-,n.a.,R,G,R,TYPOLOGY
FISHING,FISH FROZEN,-,POLLOCK STICK (F),1,2.14,2.14,-,2.14,2.14,-,2.14,2.14,-,-,-,n.a.,R,G,R,TYPOLOGY
FISHING,FISH FROZEN,-,SALMON (F),4,1.99,1.61,1.48,0.55,4.20,0.96,0.70,2.90,0.74,0.461,1.603,0.407,Y,G,G,ITEM
FISHING,FISH FROZEN,-,SOLE (F),2,14.28,14.28,6.58,7.70,20.86,6.58,10.99,17.57,0.46,-,-,-,R,R,R,TYPOLOGY
FISHING,FISH FROZEN,-,TROUT (F),2,4.38,4.38,0.15,4.23,4.52,0.15,4.30,4.45,0.03,-,-,-,R,G,R,TYPOLOGY
FISHING,FISH FROZEN,-,TUNA (F),4,2.66,2.64,0.59,1.85,3.52,0.44,2.38,2.92,0.22,0.111,1.967,0.894,Y,G,G,ITEM
FISHING,FISH PROCESSED,-,COD FISH STICK,1,2.14,2.14,-,2.14,2.14,-,2.14,2.14,-,-,-,n.a.,R,G,R,TYPOLOGY
FISHING,FISH PROCESSED,-,HAKE FISH STICK,1,2.14,2.14,-,2.14,2.14,-,2.14,2.14,-,-,-,n.a.,R,G,R,TYPOLOGY
FISHING,FISH PROCESSED,-,MAKEREL FISH STICK,1,1.02,1.02,-,1.02,1.02,-,1.02,1.02,-,-,-,n.a.,R,R,R,TYPOLOGY
FISHING,FISH PROCESSED,-,TUNA IN CAN,6,2.00,2.10,0.22,1.70,2.20,0.10,1.80,2.18,0.11,-0.595,1.500,0.321,Y,G,G,ITEM
FISHING,SHELLFISH,-,BARNACLE,6,4.32,2.30,4.08,0.78,11.68,1.38,1.11,6.70,0.94,0.817,2.067,0.100,Y,G,G,ITEM
FISHING,SHELLFISH,-,KRILL,1,5.54,5.54,-,5.54,5.54,-,5.54,5.54,-,-,-,n.a.,R,G,R,TYPOLOGY
FISHING,SHELLFISH,-,LOBSTER,5,19.30,20.25,8.19,7.72,28.30,7.81,12.44,27.80,0.42,-0.194,1.422,0.418,Y,R,G,ITEM
FISHING,SHELLFISH,BIVALVES* (SUB-TYP) (Mussels),MUSSELS,7,0.94,0.46,0.86,0.12,2.54,0.35,0.33,1.39,0.92,0.872,2.163,0.092,Y,G,G,ITEM
FISHING,SHELLFISH,CEPHALOPOD (SUB-TYP),CUTTLEFISH,2,5.05,5.05,1.34,3.71,6.39,1.34,4.38,5.72,0.27,-,-,-,R,G,R,TYPOLOGY
FISHING,SHELLFISH,CEPHALOPOD (SUB-TYP),OCTOPUS,2,5.80,5.80,1.55,4.25,7.35,1.55,5.03,6.58,0.27,-,-,-,R,G,R,TYPOLOGY
FISHING,SHELLFISH,CEPHALOPOD (SUB-TYP),SQUID,3,7.51,6.91,3.14,4.00,11.61,2.91,5.46,9.26,0.42,0.279,,0.948,R,G,R,TYPOLOGY
FISHING,SHELLFISH,CRUSTACEAN* (SUB-TYP) (Prawns/Shrimps),PRAWNS/SHRIMPS,18,11.95,7.04,10.42,2.89,38.00,3.25,5.24,16.78,0.87,1.282,3.370,0.001,G,G,R,ITEM
FISHING,SHELLFISH FROZEN,-,OCTOPUS (F),1,7.88,7.88,-,7.88,7.88,-,7.88,7.88,-,-,-,n.a.,R,G,R,TYPOLOGY
FISHING,SHELLFISH FROZEN,-,PRAWNS/SHRIMPS (F),4,17.73,15.07,12.02,5.81,35.00,8.56,6.85,25.95,0.68,0.348,1.461,0.381,Y,G,G,ITEM